Noun,Gender,Plurality
Word,n,
Vanille,f,no plural
Genfer,m,Genfer
Waschmaschine,f,Waschmaschinen
Logo,m,Logos
Limit,n,Limits
Zusammenbruch,m,Zusammenbrüche
Makler,m,Makler
Fahndung,f,Fahndungen
Darm,m,Därme
Aufschrei,m,Aufschreie
Nippel,m,Nippel
Tyrann,m,Tyrannen
Vormund,m,Vormünder
Pelz,m,Pelze
Marionette,f,Marionetten
Bestechung,f,Bestechungen
Regime,n,Regime
Lachs,m,Lachse
Schotte,m,Schotten
Eintopf,m,Eintöpfe
Gratulation,f,Gratulationen
Pointe,f,Pointen
Bademantel,m,Bademäntel
Paragraph,m,Paragraphen
Pickel,m,Pickel
Einklang,m,Einklänge
Rektor,m,Rektoren
Alligator,m,Alligatoren
Barbier,m,Barbiere
Stamm,m,Stämme
Lehrling,m,Lehrlinge
Tanne,f,Tannen
Kran,m,Kräne
Kollektion,f,Kollektionen
Schlagzeug,n,Schlagzeuge
Horde,f,Horden
Patsche,f,Patschen
Kamel,n,Kamele
Befugnis,f,Befugnisse
Farce,f,Farcen
Unterhalt,m,no plural
Getriebe,n,Getriebe
Einzelhaft,f,no plural
Schi,m,Schier
Entschlossenheit,f,no plural
Kopfgeld,n,Kopfgelder
Verurteilung,f,Verurteilungen
Prostitution,f,no plural
Wohnheim,n,Wohnheime
Serum,n,Seren
Karussell,n,Karusselle
Eintrag,m,Einträge
Elch,m,Elche
Kerker,m,Kerker
Arche,f,Archen
Verwandlung,f,Verwandlungen
Durchfall,m,Durchfälle
Tresen,m,Tresen
Landkarte,f,Landkarten
Begierde,f,Begierden
Denkmal,n,Denkmale
Demo,f,Demos
Blickwinkel,m,Blickwinkel
Vers,m,Verse
Yoga,n,no plural
Ensemble,n,Ensembles
Reklame,f,Reklamen
Beil,n,Beile
Ruin,m,no plural
Mast,m,Masten
Trauung,f,Trauungen
Treppenhaus,n,Treppenhäuser
Anfall,m,Anfälle
Hochstapler,m,Hochstapler
Wirtshaus,n,Wirtshäuser
Spatz,m,Spatzen
Vorstellungskraft,f,no plural
Gruft,f,Grüfte
Angsthase,m,Angsthasen
Abdruck,m,Abdrücke
Jackpot,m,Jackpots
Puzzle,n,Puzzles
Schmerzmittel,n,Schmerzmittel
Drehort,m,Drehorte
Todesangst,f,Todesängste
Schminke,f,Schminken
Rekrut,m,Rekruten
Stander,m,Stander
Fachmann,m,Fachmänner
Klammer,f,Klammern
Rohre,R,no plural
Schimpanse,m,Schimpansen
Torpedo,m,Torpedos
Unkraut,n,Unkräuter
Abwurf,m,Abwürfe
Hackfleisch,n,no plural
Finanzierung,f,Finanzierungen
Waggon,m,Waggons
Falke,m,Falken
Cello,n,Cellos
Automatik,f,Automatiken
Favorit,m,Favoriten
Zauberstab,m,Zauberstäbe
Ausschnitt,m,Ausschnitte
Beihilfe,f,Beihilfen
Schaffner,m,Schaffner
Henker,m,Henker
Wahnvorstellung,f,Wahnvorstellungen
Taille,f,Taillen
Polizeirevier,n,Polizeireviere
Fass,n,Fässer
Subjekt,n,Subjekte
Buchhandlung,f,Buchhandlungen
Kreuzfahrt,f,Kreuzfahrten
Abbild,n,Abbilder
Kanalisation,f,Kanalisationen
Karo,n,Karos
Rasse,f,Rassen
Zweig,m,Zweige
Kaktus,m,Kakteen
Vorstrafe,f,Vorstrafen
Gemahl,m,Gemahle
Brenner,m,Brenner
Demonstrant,m,Demonstranten
Stiel,m,Stiele
Einfall,m,Einfälle
Atom,n,Atome
Finanzamt,n,Finanzämter
Gage,f,Gagen
Langweiler,m,Langweiler
Jaguar,m,Jaguare
Stinktier,n,Stinktiere
Widerrede,f,Widerreden
Todesfall,m,Todesfälle
Begnadigung,f,Begnadigungen
Schuster,m,Schuster
Zeitlang,f,no plural
Lagerraum,m,Lagerräume
Match,n,Matches
Aufschub,m,Aufschübe
Kerbe,f,Kerben
Funkspruch,m,Funksprüche
Amnesie,f,Amnesien
Anleitung,f,Anleitungen
Redakteur,m,Redakteure
Abrechnung,f,Abrechnungen
Leuchtturm,m,Leuchttürme
Spekulation,f,Spekulationen
Hinterhof,m,Hinterhöfe
Wiedergeburt,f,Wiedergeburten
Reue,f,no plural
Klebeband,n,Klebebänder
Genesung,f,Genesungen
Biker,m,Biker
Schwarm,m,Schwärme
Bohrer,m,Bohrer
Klon,m,Klone
Drucker,m,Drucker
Orchidee,f,Orchideen
Schlitz,m,Schlitze
Marmor,m,Marmore
Detektiv,m,Detektive
Trauzeuge,m,Trauzeugen
Flugbahn,f,Flugbahnen
Logbuch,n,Logbücher
Engelchen,n,Engelchen
Lebensweise,f,Lebensweisen
Heuchelei,f,Heucheleien
Flugblatt,n,Flugblätter
Genugtuung,f,Genugtuungen
Damentoilette,f,Damentoiletten
Salbe,f,Salben
Kork,m,no plural
Kante,f,Kanten
Ohrfeige,f,Ohrfeigen
Epidemie,f,Epidemien
Schokoriegel,m,Schokoriegel
Bruchteil,m,Bruchteile
Alphabet,n,Alphabete
Regenmantel,m,Regenmäntel
Maskottchen,n,Maskottchen
Wendung,f,Wendungen
Ersatzteil,n,Ersatzteile
Junkie,m,Junkies
Fete,f,Feten
Manipulation,f,Manipulationen
Vorsitz,m,Vorsitze
Swimmingpool,m,Swimmingpools
Staubsauger,m,Staubsauger
Bauchschmerz,m,Bauchschmerzen
Morddezernat,n,Morddezernate
Balkan,m,
Klopapier,n,no plural
Gutschein,m,Gutscheine
Drogenhandel,m,no plural
Karneval,m,no plural
Intensivstation,f,Intensivstationen
Abteil,n,Abteile
Delphin,m,Delphine
Lotterie,f,Lotterien
Flegel,m,Flegel
Laus,f,Läuse
Sage,f,Sagen
Mahl,n,Mähler
Spott,m,no plural
Kommode,f,Kommoden
Trance,f,Trancen
Mitgift,f,Mitgiften
Postbote,m,Postboten
Befriedigung,f,Befriedigungen
Vorahnung,f,Vorahnungen
Motivation,f,Motivationen
Wohnsitz,m,Wohnsitze
Fanatiker,m,Fanatiker
Fusion,f,Fusionen
Vorort,m,Vororte
Duo,n,Duos
Buchladen,m,Buchläden
Erneuerung,f,Erneuerungen
Beweismittel,n,Beweismittel
Bahnsteig,m,Bahnsteige
Simulation,f,Simulationen
Adaption,f,Adaptionen
Blockade,f,Blockaden
Kavalier,m,Kavaliere
Vagabund,m,Vagabunden
Reisende,f,Reisende
Umlauf,m,Umläufe
Bauernhof,m,Bauernhöfe
Mythologie,f,Mythologien
Achterbahn,f,Achterbahnen
Abmarsch,m,Abmärsche
Ohrring,m,Ohrringe
Puder,m,Puder
Verdienst,n,Verdienste
Klumpen,m,Klumpen
Markierung,f,Markierungen
Erniedrigung,f,Erniedrigungen
Hebamme,f,Hebammen
Jahrmarkt,m,Jahrmärkte
Fegefeuer,n,Fegefeuer
Knochenmark,n,no plural
Sarg,m,Särge
Fehlfunktion,f,Fehlfunktionen
Sabbat,m,Sabbate
Marathon,m,Marathons
Geldstrafe,f,Geldstrafen
Reflex,m,Reflexe
Zimmermann,m,Zimmermänner
Pein,f,Peinen
Verzug,m,Verzüge
Ozean,m,Ozeane
Mayonnaise,f,Mayonnaisen
Gasthaus,n,Gasthäuser
Pantoffel,m,Pantoffeln
Rassist,m,Rassisten
Plankton,n,no plural
Kreuzer,m,Kreuzer
Laufbahn,f,Laufbahnen
Blasphemie,f,Blasphemien
Mix,m,Mixe
Schriftrolle,f,Schriftrollen
Wappen,n,Wappen
Schauplatz,m,Schauplätze
Plasma,n,Plasmen
Taugenichts,m,Taugenichtse
Scherbe,f,Scherben
Kittel,m,Kittel
Katholik,m,Katholiken
Zensur,f,Zensuren
Kapitalismus,m,no plural
Schraubenzieher,m,Schraubenzieher
Mundgeruch,m,Mundgerüche
Foul,n,Fouls
Filmmaterial,n,Filmmaterialien
Krampf,m,Krämpfe
Kassette,f,Kassetten
Balg,m,Bälge
Kolumbien,n,ien
Freiraum,m,Freiräume
Artefakt,n,Artefakte
Traktor,m,Traktoren
Stich,m,Stiche
Miene,f,Mienen
Punsch,m,Punsche
Kabinett,n,Kabinette
Zugabe,f,Zugaben
Abstammung,f,Abstammungen
Korsett,n,Korsette
Ausstrahlung,f,Ausstrahlungen
Rindfleisch,n,no plural
Vorgehensweise,f,Vorgehensweisen
Tollwut,f,no plural
Schlachter,m,Schlachter
Erfrischung,f,Erfrischungen
Apostel,m,Apostel
Apfelkuchen,m,Apfelkuchen
Fundament,n,Fundamente
Geleit,n,Geleite
Behauptung,f,Behauptungen
Filiale,f,Filialen
Verpflegung,f,Verpflegungen
Vorkehrung,f,Vorkehrungen
Rasiermesser,n,Rasiermesser
Geheimhaltung,f,no plural
Raumschiff,n,Raumschiffe
Kies,m,Kiese
Sekte,f,Sekten
Stichwort,n,Stichwörter
Posaune,f,Posaunen
Spitzel,m,Spitzel
Kraut,n,Kräuter
Karawane,f,Karawanen
Delle,f,Dellen
Klischee,n,Klischees
Anziehungskraft,f,Anziehungskräfte
Curry,n,Currys
Schwarzmarkt,m,Schwarzmärkte
Abbruch,m,Abbrüche
Skalpell,n,Skalpelle
Toilettenpapier,n,no plural
Anrufer,m,Anrufer
Bezeichnung,f,Bezeichnungen
Kelch,m,Kelche
Vorliebe,f,Vorlieben
Narkose,f,Narkosen
Eroberung,f,Eroberungen
Kurzschluss,m,Kurzschlüsse
Gefolge,n,Gefolge
Faulpelz,m,Faulpelze
Gurke,f,Gurken
Turnhalle,f,Turnhallen
Rivale,m,Rivalen
Steinbruch,m,Steinbrüche
Kapuze,f,Kapuzen
Falschgeld,n,Falschgelder
Knacker,m,Knacker
Kanne,f,Kannen
Gelaber,n,no plural
Pyramide,f,Pyramiden
Spielplatz,m,Spielplätze
Plakat,n,Plakate
Gemetzel,n,Gemetzel
Wucht,f,
Hausherr,m,Hausherren
Fluchtweg,m,Fluchtwege
Buffet,n,Buffets
Vorabend,m,Vorabende
Enkelkind,n,Enkelkinder
Haftstrafe,f,Haftstrafen
Aufschlag,m,Aufschläge
Protein,n,Proteine
Beruhigung,f,Beruhigungen
Kraftwerk,n,Kraftwerke
Splitter,m,Splitter
Courage,f,no plural
Joghurt,(,Joghurts
Moderator,m,Moderatoren
Dichtung,f,Dichtungen
Stereoanlage,f,Stereoanlagen
Milz,f,Milzen
Comic,m,Comics
Sperrgebiet,n,Sperrgebiete
Adoption,f,Adoptionen
Sims,m,Simse
Moos,n,Moose
Urne,f,Urnen
Chemiker,m,Chemiker
Sirup,m,Sirupe
Opium,n,no plural
Talisman,m,Talismane
Zement,m,Zemente
Seelenklempner,m,Seelenklempner
Gleichheit,f,Gleichheiten
Reservat,n,Reservate
Anstellung,f,Anstellungen
Pot,m,no plural
Abteilungsleiter,m,Abteilungsleiter
Schub,m,Schübe
Unterbewusstsein,n,no plural
Lehrbuch,n,Lehrbücher
Verwandtschaft,f,Verwandtschaften
Fiktion,f,Fiktionen
Kupplung,f,Kupplungen
Lawine,f,Lawinen
Eifer,m,no plural
Ekstase,f,Ekstasen
Saat,f,Saaten
Zahnstocher,m,Zahnstocher
Arsenal,n,Arsenale
Kreuzzug,m,Kreuzzüge
Revanche,f,Revanchen
Vorrang,m,Vorränge
Rekord,m,Rekorde
Funke,m,Funken
Kolben,m,Kolben
Mixer,m,Mixer
Bewachung,f,Bewachungen
Badeanzug,m,Badeanzüge
Mitmensch,m,Mitmenschen
Copyright,n,Copyrights
Chrom,n,no plural
Sternschnuppe,f,Sternschnuppen
Durchsuchung,f,Durchsuchungen
Sporthalle,f,Sporthallen
Refrain,m,Refrains
Flammenwerfer,m,Flammenwerfer
Parole,f,Parolen
Mond,m,nd
Christentum,n,Christentümer
Autopilot,m,Autopiloten
Hummel,f,Hummeln
Apotheker,m,Apotheker
Komplott,n,Komplotte
Krieger,m,Krieger
Transfer,m,Transfers
Most,m,Moste
Fiasko,n,Fiaskos
Bosnien,n,n
Eroberer,m,Eroberer
Totenkopf,m,Totenköpfe
Patriotismus,m,no plural
Kranz,m,Kränze
Feindseligkeit,f,Feindseligkeiten
Einzug,m,Einzüge
Statthalter,m,Statthalter
Popo,m,Popos
Volt,n,Volts
Suchtrupp,m,Suchtrupps
Unterfangen,n,Unterfangen
Juwelier,m,Juweliere
Weber,m,Weber
Portrait,n,Portraits
Abzweigung,f,Abzweigungen
Rettungsboot,n,Rettungsboote
Schauspielerei,f,Schauspielereien
Requisit,n,Requisiten
Hering,m,Heringe
Redensart,f,Redensarten
Attrappe,f,Attrappen
Jockey,m,Jockeys
Ventilator,m,Ventilatoren
Gewissensbiss,m,Gewissensbisse
Bewunderer,m,Bewunderer
Arrangement,n,Arrangements
Spinat,m,Spinate
Depot,n,Depots
Operationssaal,m,Operationssäle
Blech,n,Bleche
Patriot,m,Patrioten
Gestein,n,Gesteine
Wunderkind,n,Wunderkinder
Magd,f,Mägde
Vergaser,m,Vergaser
Schaufenster,n,Schaufenster
Uhrwerk,n,Uhrwerke
Petroleum,n,no plural
Denkweise,f,Denkweisen
Jacht,f,Jachten
Dossier,n,Dossiers
Waffel,f,Waffeln
Sprengung,f,Sprengungen
Gram,m,no plural
Zuckerwatte,f,Zuckerwatten
Mathematiker,m,Mathematiker
Zauberspruch,m,Zaubersprüche
Partikel,f,Partikeln
Vergessenheit,f,no plural
Schutzschild,m,Schutzschilde
Nobelpreis,m,Nobelpreise
Meineid,m,Meineide
Telefonat,n,Telefonate
Kleiderschrank,m,Kleiderschränke
Oberschenkel,m,Oberschenkel
Kohlendioxid,n,no plural
Ballast,m,Ballaste
Luftschleuse,f,Luftschleusen
Abschuss,m,Abschüsse
Erektion,f,Erektionen
Lokomotive,f,Lokomotiven
Raubtier,n,Raubtiere
Sonnenbrand,m,Sonnenbrände
Deal,m,Deals
Brut,f,Bruten
Alge,f,Algen
Hygiene,f,no plural
Kot,m,Kote
Gequatsche,n,no plural
Fanfare,f,Fanfaren
Biographie,f,Biographien
Frustration,f,Frustrationen
Webseite,f,Webseiten
Pforte,f,Pforten
Exempel,n,Exempel
Meute,f,Meuten
Tiefpunkt,m,Tiefpunkte
Plunder,m,Plundern
Set,n,no plural
Streuner,m,Streuner
Orgel,f,Orgeln
Ration,f,Rationen
Menschenseele,f,Menschenseelen
Unterredung,f,Unterredungen
Widmung,f,Widmungen
Deserteur,m,Deserteure
Besteck,n,Bestecke
Abneigung,f,Abneigungen
Trommelwirbel,m,Trommelwirbel
Zufluchtsort,m,Zufluchtsorte
Romantiker,m,Romantiker
Macke,f,Macken
Faschismus,m,no plural
Foyer,n,Foyers
Lava,f,
Schlafsack,m,Schlafsäcke
Schauer,m,Schauer
Vorzug,m,Vorzüge
Spionage,f,no plural
Barriere,f,Barrieren
Kapsel,f,Kapseln
Paddel,n,Paddel
Blickfeld,n,Blickfelder
Schwert,n,Schwerter
Slogan,m,Slogans
Schlagzeuger,m,Schlagzeuger
Kruste,f,Krusten
Modus,m,Modi
Kollision,f,Kollisionen
Navigator,m,Navigatoren
Verzeichnis,n,Verzeichnisse
Serbien,n,n
Dirne,f,Dirnen
Erbe,n,no plural
Streber,m,Streber
Bit,n,Bits
Bitterkeit,f,Bitterkeiten
Aussprache,f,Aussprachen
Faser,f,Fasern
Pate,m,Paten
Phase,f,Phasen
Huf,m,Hufe
Lateinamerika,n,amerika
Tapete,f,Tapeten
Festplatte,f,Festplatten
Petition,f,Petitionen
Strophe,f,Strophen
Konfrontation,f,Konfrontationen
Herausgeber,m,Herausgeber
Hardware,f,no plural
Steuermann,m,Steuermänner
Spurensicherung,f,Spurensicherungen
Kupfer,n,no plural
Plutonium,n,no plural
Socke,f,Socken
Kluft,f,Klüfte
Bildhauer,m,Bildhauer
Ernennung,f,Ernennungen
Pokal,m,Pokale
Hinterteil,n,Hinterteile
Navigation,f,no plural
Ausbeutung,f,Ausbeutungen
Orakel,n,Orakel
Slum,m,Slums
Verwechslung,f,Verwechslungen
Hehler,m,Hehler
Tagung,f,Tagungen
Kleinkind,n,Kleinkinder
Maschinerie,f,Maschinerien
Appell,m,Appelle
Armbanduhr,f,Armbanduhren
Kittchen,n,Kittchen
Henne,f,Hennen
Verfolger,m,Verfolger
Kost,f,no plural
Gaul,m,Gäule
Roulette,n,Roulettes
Pose,f,Posen
Hosentasche,f,Hosentaschen
Arterie,f,Arterien
Karat,n,Karate
Trumpf,m,Trümpfe
Rudel,n,Rudel
Fluglinie,f,Fluglinien
Schwertkampf,m,Schwertkämpfe
Horoskop,n,Horoskope
Stickstoff,m,no plural
Gebiss,n,Gebisse
Schema,n,Schemata
Rasierer,m,Rasierer
Koje,f,Kojen
Zusammenfassung,f,Zusammenfassungen
Geschoss,n,Geschosse
Partisan,m,Partisanen
Bubi,p,only
Schwadron,f,Schwadronen
Mappe,f,Mappen
Wendepunkt,m,Wendepunkte
Motte,f,Motten
Dialog,m,Dialoge
Amnestie,f,Amnestien
Pilz,m,Pilze
Gladiator,m,Gladiatoren
Ziffer,f,Ziffern
Abschlussfeier,f,Abschlussfeiern
Transvestit,m,Transvestiten
Lagune,f,Lagunen
Zepter,m,Zepter
Skifahren,n,no plural
Verdauung,f,no plural
Kokosnuss,f,Kokosnüsse
Transaktion,f,Transaktionen
Ultimatum,n,Ultimaten
Rehabilitation,f,Rehabilitationen
Bistro,n,Bistros
Kettenreaktion,f,Kettenreaktionen
Sozialhilfe,f,Sozialhilfen
Vorsatz,m,Vorsätze
Misserfolg,m,Misserfolge
Jahrbuch,n,Jahrbücher
Schwalbe,f,Schwalben
Segler,m,Segler
Rollbahn,f,Rollbahnen
Tang,m,Tange
Kulisse,f,Kulissen
Tentakel,m,el
Karpfen,m,Karpfen
Jalousie,f,Jalousien
Besinnung,f,no plural
Werbespot,m,Werbespots
Knechtschaft,f,Knechtschaften
Zahlmeister,m,Zahlmeister
Verdammnis,f,Verdammnisse
Kleber,m,Kleber
Seemann,m,Seeleute
Kenner,m,Kenner
Brustkorb,m,Brustkörbe
Diplomat,m,Diplomaten
Bagger,m,Bagger
Patenonkel,m,Patenonkel
Globus,m,Globen
Wildschwein,n,Wildschweine
Meteorit,m,Meteoriten
Puck,m,Pucks
Heiligkeit,f,Heiligkeiten
Kauderwelsch,n,no plural
Zyklop,m,Zyklopen
Aroma,n,Aromen
Meeting,n,Meetings
Segelboot,n,Segelboote
Untergeschoss,n,Untergeschosse
Verleihung,f,Verleihungen
Schwellung,f,Schwellungen
Wollust,f,Wollüste
Delirium,n,Delirien
Verleumdung,f,Verleumdungen
Hohn,m,no plural
Weihwasser,n,Weihwässer
Verdeck,n,Verdecke
Kinderheim,n,Kinderheime
Akkordeon,n,Akkordeons
Sondereinheit,f,Sondereinheiten
Schallplatte,f,Schallplatten
Pelzmantel,m,Pelzmäntel
Melancholie,f,Melancholien
Nullpunkt,m,Nullpunkte
Macker,m,Macker
Klaps,m,Klapse
Guru,m,Gurus
Brautkleid,n,Brautkleider
Beisein,n,no plural
Einhalt,m,no plural
Heuschrecke,f,Heuschrecken
Heiligtum,n,Heiligtümer
Brosche,f,Broschen
Funker,m,Funker
Wettrennen,n,Wettrennen
Rummel,m,Rummel
Giraffe,f,Giraffen
Flop,m,Flops
Triade,f,Triaden
Scheckbuch,n,Scheckbücher
Bankraub,m,Bankraube
Wimper,f,Wimpern
Deckname,m,Decknamen
Interpretation,f,Interpretationen
Spritzer,m,Spritzer
Erpresser,m,Erpresser
Kap,n,Kaps
Leichtigkeit,f,no plural
Etikette,f,no plural
Lack,m,Lacke
Bombardierung,f,Bombardierungen
Schar,f,Scharen
Lockvogel,m,Lockvögel
Badehose,f,Badehosen
Einlage,f,Einlagen
Pfahl,m,Pfähle
Beinbruch,m,Beinbrüche
Postfach,n,Postfächer
Umwandlung,f,Umwandlungen
Verpackung,f,Verpackungen
Zeppelin,m,Zeppeline
Rittmeister,m,Rittmeister
Todestag,m,Todestage
Werfer,m,Werfer
Schachzug,m,Schachzüge
Drecksloch,n,Dreckslöcher
Variante,f,Varianten
Vorkommnis,n,Vorkommnisse
Diagramm,n,Diagramme
Detonation,f,Detonationen
Fahrwerk,n,Fahrwerke
Aal,m,Aale
Abstecher,m,Abstecher
Abweichung,f,Abweichungen
Abführmittel,n,Abführmittel
Administration,f,Administrationen
Affentheater,n,Affentheater
Aktivierung,f,Aktivierungen
Abreibung,f,Abreibungen
Allee,f,Alleen
Alleinsein,n,no plural
Abschlag,m,Abschläge
Allgemeinheit,f,Allgemeinheiten
Abschrift,f,Abschriften
Absprache,f,Absprachen
Altenheim,n,Altenheime
Analytiker,m,Analytiker
Anarchist,m,Anarchisten
Anbeginn,m,no plural
Anbruch,m,Anbrüche
Anstandsdame,f,Anstandsdamen
Anstoß,m,Anstöße
Ansturm,m,Anstürme
Anus,m,Ani
Apartment,n,Apartments
Apfelsaft,m,Apfelsäfte
Archäologe,m,Archäologen
Areal,n,Areale
Argentinier,m,Argentinier
Ärgernis,n,Ärgernisse
Arier,m,Arier
Armaturenbrett,n,Armaturenbretter
Armenhaus,n,Armenhäuser
Asphalt,m,Asphalte
Angelrute,f,Angelruten
Ankläger,m,Ankläger
Attest,n,Atteste
Auffahrt,f,Auffahrten
Aufforderung,f,Aufforderungen
Aufgebot,n,Aufgebote
Aufbruch,m,Aufbrüche
Anomalie,f,Anomalien
Anprobe,f,Anproben
Ansammlung,f,Ansammlungen
Anschreiben,n,Anschreiben
Anschrift,f,Anschriften
Anspielung,f,Anspielungen
Aufkleber,m,Aufkleber
Aufmachung,f,Aufmachungen
Auspuff,m,Auspuffe
Aufrührer,m,Aufrührer
Autoradio,n,Autoradios
Autoreifen,m,Autoreifen
Autorennen,n,Autorennen
Ausbruch,m,Ausbrüche
Ausfall,m,Ausfälle
Bandage,f,Bandagen
Banknote,f,Banknoten
Bankwesen,n,no plural
Ausgrabung,f,Ausgrabungen
Aufschrift,f,Aufschriften
Aufstand,m,Aufstände
Augapfel,m,Augäpfel
Auktionator,m,Auktionatoren
Ausguck,m,Ausgucke
Ausrottung,f,Ausrottungen
Australier,m,Australier
Baseballspiel,n,Baseballspiele
Aushilfe,f,Aushilfen
Auslieferung,f,Auslieferungen
Baustein,m,Bausteine
Beatmung,f,Beatmungen
Belegschaft,f,Belegschaften
Beduine,m,Beduinen
Befehlsgewalt,f,no plural
Begebenheit,f,Begebenheiten
Bergung,f,Bergungen
Bergwerk,n,Bergwerke
Beschaffenheit,f,Beschaffenheiten
Bescherung,f,Bescherungen
Beschuss,m,no plural
Beschwörung,f,Beschwörungen
Beseitigung,f,Beseitigungen
Besorgung,f,Besorgungen
Bestattung,f,Bestattungen
Bestrahlung,f,Bestrahlungen
Bestseller,m,Bestseller
Betäubung,f,Betäubungen
Bohne,f,Bohnen
Bombardement,n,Bombardements
Boutique,f,Boutiquen
Brandstifter,m,Brandstifter
Brandung,f,Brandungen
Brauch,m,Bräuche
Bräune,f,no plural
Brautpaar,n,Brautpaare
Brennholz,n,Brennhölzer
Brennstoff,m,Brennstoffe
Briefkasten,m,Briefkästen
Broschüre,f,Broschüren
Bruchlandung,f,Bruchlandungen
Brunch,m,Brunche
Bügel,m,Bügel
Busch,m,Büsche
Bußgeld,n,Bußgelder
Cabaret,n,Cabarets
Campingplatz,m,Campingplätze
Chloroform,n,no plural
Cholesterin,n,no plural
Chorgesang,m,Chorgesänge
Clique,f,Cliquen
Comeback,n,Comebacks
Betrug,m,Betrüge
Bettlaken,n,Bettlaken
Bettwäsche,f,Bettwäschen
Beunruhigung,f,Beunruhigungen
Bewässerung,f,Bewässerungen
Bienenstock,m,Bienenstöcke
Billion,f,Billionen
Blazer,m,Blazer
Dissertation,f,Dissertationen
Dampfer,m,Dampfer
Dämpfer,m,Dämpfer
Diva,f,Diven
Doktorarbeit,f,Doktorarbeiten
Doktortitel,m,Doktortitel
Däne,m,Dänen
Darsteller,m,Darsteller
Dozent,m,Dozenten
Drachen,m,Drachen
Deckmantel,m,Deckmäntel
Deck,n,Decks
Drehbuch,n,Drehbücher
Delegation,f,Delegationen
Drogerie,f,Drogerien
Diener,m,Diener
Diktator,m,Diktatoren
Diplomatie,f,no plural
Denkzettel,m,Denkzettel
Drüse,f,Drüsen
Derby,n,Derbys
Duett,n,Duette
Dunst,m,Dünste
Duplikat,n,Duplikate
Diakon,m,Diakone
Dialyse,f,Dialysen
Durchführung,f,Durchführungen
Einöde,f,Einöden
Einsturz,m,Einstürze
Einweisung,f,Einweisungen
Einwohner,m,Einwohner
Elektrik,n,no plural
Elfe,m,Elfen
Empfangsdame,f,Empfangsdamen
Düse,f,Düsen
Eber,m,Eber
Edelstein,m,Edelsteine
Einberufung,f,Einberufungen
Einfachheit,f,no plural
Einfaltspinsel,m,Einfaltspinsel
Eingabe,f,Eingaben
Enthüllung,f,Enthüllungen
Entlein,n,Entlein
Entzündung,f,Entzündungen
Epilepsie,f,Epilepsien
Erwähnung,f,Erwähnungen
Erdöl,n,Erdöle
Erhalt,m,Erhalte
Etikett,n,Etiketten
Etui,n,Etuis
Exkursion,f,Exkursionen
Expansion,f,Expansionen
Export,m,Exporte
Fahrschein,m,Fahrscheine
Fallschirmjäger,m,Fallschirmjäger
Falltür,f,Falltüren
Fasan,m,Fasane
Faszination,f,Faszinationen
Faulheit,f,no plural
Fechter,m,Fechter
Fehde,f,Fehden
Fehltritt,m,Fehltritte
Feierlichkeit,f,Feierlichkeiten
Feindschaft,f,Feindschaften
Fell,n,Felle
Fertigstellung,f,Fertigstellungen
Festival,n,Festivals
Festmahl,n,Festmähler
Fiedler,m,Fiedler
Filou,m,Filous
Filzlaus,f,Filzläuse
Filz,m,Filze
Fingerspitze,f,Fingerspitzen
Fitnessstudio,n,Fitnessstudios
Fleischfresser,m,Fleischfresser
Flirt,m,Flirts
Flohmarkt,m,Flohmärkte
Fluch,m,Flüche
Flussufer,n,Flussufer
Flutwelle,f,Flutwellen
Föhn,m,Föhne
Fokus,m,Fokusse
Fotoapparat,m,Fotoapparate
Fragebogen,m,Fragebogen
Fragerei,f,no plural
Fratze,f,Fratzen
Frauenarzt,m,Frauenärzte
Friseuse,f,Friseusen
Frust,m,no plural
Fügung,f,Fügungen
Funkgerät,n,Funkgeräte
Gegengift,n,Gegengifte
Gegenseitigkeit,f,Gegenseitigkeiten
Funkverbindung,f,Funkverbindungen
Fusel,m,Fusel
Geheimgang,m,Geheimgänge
Gänseblümchen,n,Gänseblümchen
Geheul,n,no plural
Gasthof,m,Gasthöfe
Gebärmutter,f,Gebärmütter
Gebell,n,no plural
Geber,m,Geber
Gehweg,m,Gehwege
Geiselnahme,f,Geiselnahmen
Geizkragen,m,Geizkragen
Geldmenge,f,Geldmengen
Geldwäsche,f,no plural
Gebräu,n,Gebräue
Gemeinheit,f,Gemeinheiten
Gemütlichkeit,f,no plural
Gemüt,n,Gemüter
Generalprobe,f,Generalproben
Gedränge,n,Gedränge
Gefährdung,f,Gefährdungen
Geologie,f,no plural
Gepäckträger,m,Gepäckträger
Gefängnisstrafe,f,Gefängnisstrafen
Gefrierschrank,m,Gefrierschränke
Gerinnsel,n,Gerinnsel
Gerüst,n,Gerüste
Geschicklichkeit,f,Geschicklichkeiten
Geschwader,n,Geschwader
Geschwafel,n,no plural
Gesichtszug,m,Gesichtszüge
Gesinnung,f,Gesinnungen
Gespann,n,Gespanne
Geständnis,n,Geständnisse
Gesuch,n,Gesuche
Ghetto,n,Ghettos
Glückseligkeit,f,Glückseligkeiten
Glückstreffer,m,Glückstreffer
Gönner,m,Gönner
Göttlichkeit,f,no plural
Grauen,n,no plural
Gravitation,f,no plural
Grübchen,n,Grübchen
Grünzeug,n,no plural
Gurgel,f,Gurgeln
Guthaben,n,Guthaben
Gynäkologe,m,Gynäkologen
Handfläche,f,Handflächen
Hängematte,f,Hängematten
Hanswurst,m,Hanswurste
Häufchen,n,Häufchen
Hausnummer,f,Hausnummern
Heer,n,Heere
Heide,f,Heiden
Heiland,m,Heilande
Hemisphäre,f,Hemisphären
Herrenhaus,n,Herrenhäuser
Herzfrequenz,f,Herzfrequenzen
Hilfsmittel,n,Hilfsmittel
Hinblick,m,no plural
Hochachtung,f,no plural
Infusion,f,Infusionen
Inhaber,m,Inhaber
Innenseite,f,Innenseiten
Inserat,n,Inserate
Intimität,f,Intimitäten
Inventar,n,Inventare
Joch,n,Joche
Judentum,n,Judentümer
Jurist,m,Juristen
Kabeljau,m,Kabeljaue
Kaffeepause,f,Kaffeepausen
Kajüte,f,Kajüten
Holzkopf,m,Holzköpfe
Holzschnitt,m,Holzschnitte
Hommage,f,Hommagen
Hufschmied,m,Hufschmiede
Hühnerstall,m,Hühnerställe
Hülse,f,Hülsen
Hungersnot,f,Hungersnöte
Hungerstreik,m,Hungerstreiks
Hustensaft,m,Hustensäfte
Hyäne,f,Hyänen
Hydraulik,f,no plural
Hymne,f,Hymnen
Idealist,m,Idealisten
Ideologie,f,Ideologien
Ignoranz,f,no plural
Immunität,f,Immunitäten
Impfstoff,m,Impfstoffe
Kalbfleisch,n,no plural
Kalzium,n,no plural
Knopfdruck,m,Knopfdrücke
Kanarienvogel,m,Kanarienvögel
Kochtopf,m,Kochtöpfe
Kanonenkugel,f,Kanonenkugeln
Kollaps,m,Kollapse
Kapazität,f,Kapazitäten
Kolonne,f,Kolonnen
Kapitän,m,Kapitäne
Kassierer,m,Kassierer
Kaste,f,Kasten
Komplexität,f,Komplexitäten
Katakombe,f,Katakomben
Kegel,m,Kegel
Keil,m,Keile
Keim,m,Keime
Kennwort,n,Kennwörter
Kettensäge,f,Kettensägen
Keuschheit,f,Keuschheiten
Kinderschänder,m,Kinderschänder
Kiosk,m,Kioske
Kondensator,m,Kondensatoren
Konditorei,f,Konditoreien
Konföderation,f,Konföderationen
Konkurs,m,Konkurse
Konstellation,f,Konstellationen
Konsument,m,Konsumenten
Kirmes,f,Kirmessen
Klausur,f,Klausuren
Klebstoff,m,Klebstoffe
Kleinholz,n,Kleinhölzer
Kloster,n,Klöster
Klotz,m,Klötze
Klugheit,f,Klugheiten
Knast,m,Knäste
Kniescheibe,f,Kniescheiben
Kontext,m,Kontexte
Kontostand,m,Kontostände
Kontrolleur,m,Kontrolleure
Koordination,f,Koordinationen
Kopfverletzung,f,Kopfverletzungen
Korkenzieher,m,Korkenzieher
Körperbau,m,Körperbaue
Kosmetikerin,f,Kosmetikerinnen
Kostüm,n,Kostüme
Krawall,m,Krawalle
Krempel,m,no plural
Leichenwagen,m,Leichenwagen
Kreuzigung,f,Kreuzigungen
Leitartikel,m,Leitartikel
Lektüre,f,Lektüren
Leopard,m,Leoparden
Kriegsschiff,n,Kriegsschiffe
Lerche,f,Lerchen
Kripo,f,Kripos
Leuchtfeuer,n,Leuchtfeuer
Krippe,f,Krippen
Lichtjahr,n,Lichtjahre
Liebchen,n,Liebchen
Kruzifix,n,Kruzifixe
Lilie,f,Lilien
Kult,m,Kulte
Kundgebung,f,Kundgebungen
Lorbeer,m,Lorbeeren
Kurator,m,Kuratoren
Lotion,f,Lotionen
Lotus,m,Lotus
Luftröhre,f,Luftröhren
Kurzform,f,Kurzformen
Luftschacht,m,Luftschächte
Kutte,f,Kutten
Larve,f,Larven
Läuterung,f,Läuterungen
Lavendel,m,Lavendel
Maat,m,Maate
Mädchenname,m,Mädchennamen
Magenschmerz,m,Magenschmerzen
Magister,m,Magister
Magnetfeld,n,Magnetfelder
Makrele,f,Makrelen
Manifest,n,Manifeste
Markenzeichen,n,Markenzeichen
Mittelamerika,n,amerika
Master,m,Master
Möchtegern,m,Möchtegerne
Modul,n,Module
Masturbation,f,Masturbationen
Möhre,f,Möhren
Mätresse,f,Mätressen
Monolog,m,Monologe
Meeresspiegel,m,Meeresspiegel
Morgenrock,m,Morgenröcke
Mentalität,f,Mentalitäten
Merkur,m,
Metier,n,Metiers
Metzgerei,f,Metzgereien
Mietvertrag,m,Mietverträge
Müllhalde,f,Müllhalden
Mündung,f,Mündungen
Münztelefon,n,Münztelefone
Murmeltier,n,Murmeltiere
Mysterium,n,Mysterien
Nabel,m,Nabel
Nachfahre,m,Nachfahren
Nominierung,f,Nominierungen
Nachlass,m,Nachlässe
Normalität,f,no plural
Notbremse,f,Notbremsen
Notlage,f,Notlagen
Näherin,f,Näherinnen
Naivität,f,no plural
Namensschild,n,Namensschilder
Nationalität,f,Nationalitäten
Oase,f,Oasen
Obduktion,f,Obduktionen
Nebenzimmer,n,Nebenzimmer
Obstgarten,m,Obstgärten
Ödland,n,no plural
Nervenkitzel,m,Nervenkitzel
Nervenklinik,f,Nervenkliniken
Ökonomie,f,Ökonomien
Opossum,n,Opossums
Optimist,m,Optimisten
Orgie,f,Orgien
Orientierung,f,Orientierungen
Ortung,f,Ortungen
Ouvertüre,f,Ouvertüren
Paarung,f,Paarungen
Palais,n,Palais
Panther,m,Panther
Parodie,f,Parodien
Parzelle,f,Parzellen
Pastete,f,Pasteten
Patenkind,n,Patenkinder
Pferdeschwanz,m,Pferdeschwänze
Pflaume,f,Pflaumen
Pflug,m,Pflüge
Pförtner,m,Pförtner
Pfosten,m,Pfosten
Plackerei,f,Plackereien
Plakette,f,Plaketten
Platin,n,no plural
Plattenspieler,m,Plattenspieler
Podium,n,Podien
Polka,f,Polkas
Polster,n,Polster
Polyp,m,Polypen
Pomade,f,Pomaden
Popmusik,f,Popmusiken
Popularität,f,no plural
Pore,f,Poren
Portal,n,Portale
Portwein,m,Portweine
Porzellan,n,Porzellane
Prachtkerl,m,Prachtkerle
Präfekt,m,Präfekten
Präsidentschaft,f,Präsidentschaften
Quellcode,m,Quellcodes
Prellung,f,Prellungen
Pressesprecher,m,Pressesprecher
Primat,m,Primaten
Prise,f,Prisen
Rächer,m,Rächer
Privatisierung,f,Privatisierungen
Racker,m,Racker
Raffinerie,f,Raffinerien
Rammbock,m,Rammböcke
Programmierer,m,Programmierer
Rapport,m,Rapporte
Rasierklinge,f,Rasierklingen
Rassismus,m,
Raster,n,Raster
Projektion,f,Projektionen
Projektor,m,Projektoren
Promotion,f,Promotionen
Prothese,f,Prothesen
Rasur,f,Rasuren
Proton,n,Protonen
Provokation,f,Provokationen
Prozession,f,Prozessionen
Pseudonym,n,Pseudonyme
Pulle,f,Pullen
Pulsader,f,Pulsadern
Puma,m,Pumas
Pünktlichkeit,f,no plural
Punktzahl,f,Punktzahlen
Quacksalber,m,Quacksalber
Rattengift,n,Rattengifte
Räumung,f,Räumungen
Raupe,f,Raupen
Redefreiheit,f,no plural
Redewendung,f,Redewendungen
Redner,m,Redner
Referat,n,Referate
Regent,m,Regenten
Register,n,Register
Reim,m,Reime
Rolltreppe,f,Rolltreppen
Reinfall,m,Reinfälle
Rotation,f,Rotationen
Reisepass,m,Reisepässe
Rotznase,f,Rotznasen
Rowdy,m,Rowdys
Rubin,m,Rubine
Rekonstruktion,f,Rekonstruktionen
Renaissance,f,sance
Rückschlag,m,Rückschläge
Rugby,n,no plural
Renovierung,f,Renovierungen
Rentier,n,Rentiere
Rentner,m,Rentner
Repräsentant,m,Repräsentanten
Rumänien,n,en
Rundgang,m,Rundgänge
Revolverheld,m,Revolverhelden
Reservoir,n,Reservoire
Resolution,f,Resolutionen
Rettungsring,m,Rettungsringe
Revolte,f,Revolten
Ringkampf,m,Ringkämpfe
Ritus,m,Riten
Robe,f,Roben
Rüssel,m,Rüssel
Ruß,m,Ruße
Sadist,m,Sadisten
Sägemehl,n,Sägemehle
Sakrileg,n,Sakrilege
Salto,m,Saltos
Samariter,m,Samariter
Sandsturm,m,Sandstürme
Sauberkeit,f,no plural
Sauerkraut,n,no plural
Säugetier,n,Säugetiere
Saustall,m,Sauställe
Schabe,f,Schaben
Schafott,n,Schafotte
Schalldämpfer,m,Schalldämpfer
Schaltkreis,m,Schaltkreise
Schaltung,f,Schaltungen
Schamhaar,n,Schamhaare
Scharfsinn,m,Scharfsinne
Schatz,m,Schätze
Schaukelstuhl,m,Schaukelstühle
Scheideweg,m,Scheidewege
Schienbein,n,Schienbeine
Schießeisen,n,Schießeisen
Schießerei,f,Schießereien
Schießstand,m,Schießstände
Schiffbruch,m,Schiffbrüche
Schilf,n,Schilfe
Schimpfwort,n,Schimpfwörter
Schläfchen,n,Schläfchen
Schlagstock,m,Schlagstöcke
Schlepper,m,Schlepper
Schließung,f,Schließungen
Schluckauf,m,Schluckaufs
Schmeichelei,f,Schmeicheleien
Schnauzbart,m,Schnauzbärte
Schnauze,f,Schnauzen
Schneeball,m,Schneebälle
Schnitzel,m,Schnitzel
Schnupftabak,m,Schnupftabake
Schotter,m,Schotter
Schottland,n,land
Schramme,f,Schrammen
Schreiner,m,Schreiner
Schüchternheit,f,Schüchternheiten
Schürzenjäger,m,Schürzenjäger
Schusswechsel,m,Schusswechsel
Schusswunde,f,Schusswunden
Schwachpunkt,m,Schwachpunkte
Schwachstelle,f,Schwachstellen
Schwan,m,Schwäne
Seitenstraße,f,Seitenstraßen
Sense,f,Sensen
Sensibilität,f,Sensibilitäten
Seriennummer,f,Seriennummern
Signatur,f,Signaturen
Simulator,m,Simulatoren
Skalp,m,Skalpe
Skizze,f,Skizzen
Sohle,f,Sohlen
Schweinestall,m,Schweineställe
Seelenfrieden,m,no plural
Sonett,n,Sonette
Sonnencreme,f,Sonnencremes
Sonnenstich,m,Sonnenstiche
Spule,f,Spulen
Spülung,f,Spülungen
Stabilisator,m,Stabilisatoren
Stabschef,m,Stabschefs
Stachel,m,Stacheln
Stachelschwein,n,Stachelschweine
Stadtrand,m,Stadtränder
Stall,m,Ställe
Stammkunde,m,Stammkunden
Ständchen,n,Ständchen
Standesamt,n,Standesämter
Statur,f,Staturen
Steg,m,Stege
Sterblichkeit,f,no plural
Sternbild,n,Sternbilder
Sternenstaub,m,Sternenstäube
Stickerei,f,Stickereien
Stierkampf,m,Stierkämpfe
Stirnband,n,Stirnbänder
Stöckchen,n,Stöckchen
Spange,f,Spangen
Spaßvogel,m,Spaßvögel
Specht,m,Spechte
Speer,m,Speere
Spektrum,n,Spektren
Sperrstunde,f,Sperrstunden
Spielraum,m,Spielräume
Spielzug,m,Spielzüge
Spontaneität,f,no plural
Sprechstunde,f,Sprechstunden
Sprengsatz,m,Sprengsätze
Springbrunnen,m,Springbrunnen
Spuk,m,Spuke
Stube,f,Stuben
Symphonie,f,Symphonien
Talkshow,f,Talkshows
Tarantel,f,Taranteln
Taschendieb,m,Taschendiebe
Taschenmesser,n,Taschenmesser
Täufer,m,Täufer
Telefonleitung,f,Telefonleitungen
Telepathie,f,no plural
Termite,f,Termiten
Teufelskreis,m,Teufelskreise
Tiefgarage,f,Tiefgaragen
Tippfehler,m,Tippfehler
Tischgebet,n,Tischgebete
Tischler,m,Tischler
Titan,m,Titanen
Todsünde,f,Todsünden
Tollpatsch,m,Tollpatsche
Tonbandgerät,n,Tonbandgeräte
Tonfall,m,Tonfälle
Töpfchen,n,Töpfchen
Torso,m,Torsos
Törtchen,n,Törtchen
Tortur,f,Torturen
Torwart,m,Torwarte
Transit,m,Transite
Trauerfeier,f,Trauerfeiern
Überläufer,m,Überläufer
Trikot,n,Trikots
Trinkgeld,n,Trinkgelder
Trio,n,Trios
Tritt,m,Tritte
Trubel,m,no plural
Tupfer,m,Tupfer
Überbleibsel,n,Überbleibsel
Übermacht,f,Übermächte
Übernachtung,f,Übernachtungen
Umbau,m,Umbauten
Umdrehung,f,Umdrehungen
Umleitung,f,Umleitungen
Ungewissheit,f,Ungewissheiten
Unterleib,m,Unterleiber
Unterschlagung,f,Unterschlagungen
Untertreibung,f,Untertreibungen
Untier,n,Untiere
Unwesen,n,Unwesen
Unzufriedenheit,f,no plural
Urknall,m,l
Vandalismus,m,no plural
Vektor,m,Vektoren
Veranlagung,f,Veranlagungen
Verbannung,f,Verbannungen
Verbundenheit,f,Verbundenheiten
Verführung,f,Verführungen
Vergeudung,f,Vergeudungen
Vergiftung,f,Vergiftungen
Vergünstigung,f,Vergünstigungen
Verlegung,f,Verlegungen
Verlierer,m,Verlierer
Verlobungsring,m,Verlobungsringe
Vermerk,m,Vermerke
Vermittler,m,Vermittler
Vernehmung,f,Vernehmungen
Versand,m,no plural
Verschlüsselung,f,Verschlüsselungen
Verschmutzung,f,Verschmutzungen
Versteigerung,f,Versteigerungen
Verwesung,f,Verwesungen
Verwüstung,f,Verwüstungen
Verzicht,m,Verzichte
Vlies,n,Vliese
Vöglein,n,Vöglein
Völkermord,m,Völkermorde
Vollendung,f,Vollendungen
Vorgeschichte,f,Vorgeschichten
Vorhut,f,Vorhuten
Vormarsch,m,Vormärsche
Vorrichtung,f,Vorrichtungen
Waffenruhe,f,Waffenruhen
Walross,n,Walrosse
Wanderung,f,Wanderungen
Warenhaus,n,Warenhäuser
Warterei,f,Wartereien
Warze,f,Warzen
Waschbär,m,Waschbären
Wäschekorb,m,Wäschekörbe
Weiblichkeit,f,Weiblichkeiten
Weibsbild,n,Weibsbilder
Vitrine,f,Vitrinen
Weinberg,m,Weinberge
Weinbrand,m,Weinbrände
Wohlfühlen,n,no plural
Wohlgefallen,n,no plural
Wohltätigkeit,f,Wohltätigkeiten
Workshop,m,Workshops
Wortschatz,m,Wortschätze
Wellenlänge,f,Wellenlängen
Wortwahl,f,Wortwahlen
Werwolf,m,Werwölfe
Westentasche,f,Westentaschen
Wiederaufbau,m,no plural
Yak,(,Yaks
Zähler,m,Zähler
Wirbelsturm,m,Wirbelstürme
Zaster,m,no plural
Zauberkraft,f,Zauberkräfte
Zaubertrick,m,Zaubertricks
Zeitreise,f,Zeitreisen
Zirkel,m,Zirkel
Zobel,m,Zobel
Zopf,m,Zöpfe
Zubehör,n,Zubehöre
Zündschnur,f,Zündschnüre
Zurückhaltung,f,Zurückhaltungen
Zurückweisung,f,Zurückweisungen
Zwangsarbeit,f,Zwangsarbeiten
Zwangsjacke,f,Zwangsjacken
Zypern,n,Zypern
Abendbrot,n,Abendbrote
Abfindung,f,Abfindungen
Abgang,m,Abgänge
Absturz,m,Abstürze
Abwechslung,f,Abwechslungen
Abzug,m,Abzüge
Adel,m,no plural
Ader,f,Adern
Abkürzung,f,Abkürzungen
Alarmanlage,f,Alarmanlagen
Alarmstufe,f,Alarmstufen
Ablenkung,f,Ablenkungen
Abmachung,f,Abmachungen
Alliierter,m,Alliierte
Alptraum,m,Alpträume
Alter,n,Alter
Amateur,m,Amateure
Ameise,f,Ameisen
Andenken,n,Andenken
Anschein,m,no plural
Anschuldigung,f,Anschuldigungen
Anfänger,m,Anfänger
Anstalt,f,Anstalten
Anflug,m,Anflüge
Antenne,f,Antennen
Antlitz,n,Antlitze
Angewohnheit,f,Angewohnheiten
Anwesen,n,Anwesen
Anzahlung,f,Anzahlungen
Apotheke,f,Apotheken
Anhänger,m,Anhänger
Aquarium,n,Aquarien
Anker,m,Anker
Arabien,n,Arabien
Anliegen,n,Anliegen
Ära,f,Ären
Anmarsch,n,no plural
Arbeitszimmer,n,Arbeitszimmer
Archiv,n,Archive
Arena,f,Arenen
Armband,n,Armbänder
Aufstellung,f,Aufstellungen
Arrest,m,Arreste
Arroganz,f,Arroganzen
Auftraggeber,m,Auftraggeber
Artillerie,f,Artillerien
Aschenbecher,m,Aschenbecher
Aspirin,n,no plural
Assistent,m,Assistenten
Astronaut,m,Astronauten
Auktion,f,Auktionen
Asyl,n,Asyle
Atemzug,m,Atemzüge
Atombombe,f,Atombomben
Attacke,f,Attacken
Attentäter,m,Attentäter
Attentat,n,Attentate
Ausfahrt,f,Ausfahrten
Aufruf,m,Aufrufe
Aufruhr,m,
Aufseher,m,Aufseher
Aufsicht,f,Aufsichten
Bandit,m,Banditen
Bankräuber,m,Bankräuber
Bankrott,m,Bankrotte
Bann,m,Banne
Base,f,Basen
Ausschuss,m,Ausschüsse
Basketball,m,Basketbälle
Bass,m,Bässe
Bastard,m,Bastarde
Bataillon,n,Bataillone
Baumwolle,f,Baumwollen
Becher,m,Becher
Becken,n,Becken
Aussterben,n,Aussterben
Austausch,m,Austausche
Bedienung,f,Bedienungen
Auswirkung,f,Auswirkungen
Auszeichnung,f,Auszeichnungen
Auszeit,f,Auszeiten
Automat,m,Automaten
Befehlshaber,m,Befehlshaber
Autopsie,f,Autopsien
Autorität,f,Autoritäten
Autoschlüssel,m,Autoschlüssel
Beförderung,f,Beförderungen
Axt,f,Äxte
Befragung,f,Befragungen
Befreiung,f,Befreiungen
Badewanne,f,Badewannen
Balance,f,Balancen
Ballett,n,Ballette
Ballon,m,Ballons
Begehren,n,Begehren
Banane,f,Bananen
Begleitung,f,Begleitungen
Berufung,f,Berufungen
Begräbnis,n,Begräbnisse
Begrüßung,f,Begrüßungen
Behälter,m,Behälter
Beherrschung,f,no plural
Berühmtheit,f,Berühmtheiten
Berührung,f,Berührungen
Beileid,n,no plural
Bescheidenheit,f,no plural
Bekanntschaft,f,Bekanntschaften
Beschützer,m,Beschützer
Beleidigung,f,Beleidigungen
Beleuchtung,f,Beleuchtungen
Besorgnis,f,Besorgnisse
Besserung,f,no plural
Bestätigung,f,Bestätigungen
Bengel,m,Bengel
Bestrafung,f,Bestrafungen
Beule,f,Beulen
Beute,f,Beuten
Beutel,m,Beutel
Brocken,m,Brocken
Brötchen,n,Brötchen
Bruch,m,Brüche
Bewährung,f,Bewährungen
Brücke,f,Brücken
Bücherei,f,Büchereien
Buchhaltung,f,Buchhaltungen
Beweisstück,n,Beweisstücke
Budget,n,Budgets
Bewunderung,f,Bewunderungen
Büffel,m,Büffel
Bezahlung,f,Bezahlungen
Bug,m,Buge
Bund,m,Bünde
Busen,m,Busen
Cabrio,n,Cabrios
Birne,f,Birnen
Campus,m,Campusse
Chauffeur,m,Chauffeure
Chirurg,m,Chirurgen
Chirurgie,f,Chirurgien
Blues,m,no plural
Bluff,m,Bluffs
Christ,m,Christen
Cocktail,m,Cocktails
Bluse,f,Blusen
Container,m,Container
Coup,m,Coups
Brandstiftung,f,Brandstiftungen
Bräutigam,m,Bräutigame
Dämmerung,f,Dämmerungen
Brei,m,Breie
Damm,m,Dämme
Dampf,m,Dämpfe
Dänemark,n,rk
Brigade,f,Brigaden
Dankbarkeit,f,Dankbarkeiten
Darbietung,f,Darbietungen
Drehung,f,Drehungen
Dasein,n,Daseine
Drohung,f,Drohungen
Deckel,m,Deckel
Defekt,m,Defekte
Duell,n,Duelle
Dummheit,f,Dummheiten
Durchbruch,m,Durchbrüche
Depression,f,Depressionen
Durchreise,f,Durchreisen
Durchsage,f,Durchsagen
Desaster,n,Desaster
Design,n,Designs
Dilemma,n,Dilemmas
Dimension,f,Dimensionen
Dynastie,f,Dynastien
Dinner,n,Dinner
Dinosaurier,m,Dinosaurier
Diskretion,f,no plural
Division,f,Divisionen
Dock,n,Docks
Dolch,m,Dolche
Donner,m,Donner
Dosis,f,Dosen
Eiche,f,Eichen
Draht,m,Drähte
Eichhörnchen,n,Eichhörnchen
Einbildung,f,Einbildungen
Elektrizität,f,no plural
Elite,f,Eliten
Einfahrt,f,Einfahrten
Enkelin,f,Enkelinnen
Entführer,m,Entführer
Entschädigung,f,Entschädigungen
Entschluss,m,Entschlüsse
Entsetzen,n,no plural
Entzug,m,Entzüge
Erbarmen,n,no plural
Einwand,m,Einwände
Eiscreme,f,Eiscremes
Eitelkeit,f,Eitelkeiten
Erbse,f,Erbsen
Ekel,m,no plural
Erdnussbutter,f,no plural
Elefant,m,Elefanten
Erfinder,m,Erfinder
Erwärmung,f,Erwärmungen
Erzbischof,m,Erzbischöfe
Eskorte,f,Eskorten
Eule,f,Eulen
Erkältung,f,Erkältungen
Evakuierung,f,Evakuierungen
Evolution,f,Evolutionen
Examen,n,Examen
Exemplar,n,Exemplare
Erleichterung,f,Erleichterungen
Exil,n,Exile
Erleuchtung,f,Erleuchtungen
Expedition,f,Expeditionen
Erlösung,f,Erlösungen
Ermittler,m,Ermittler
Ermordung,f,Ermordungen
Fackel,f,Fackeln
Ernte,f,Ernten
Fahrstuhl,m,Fahrstühle
Erpressung,f,Erpressungen
Fallschirm,m,Fallschirme
Fälschung,f,Fälschungen
Falte,f,Falten
Fax,n,Faxe
Feder,f,Federn
Feierabend,m,Feierabende
Ferkel,n,Ferkel
Fernglas,n,Ferngläser
Fotograf,m,Fotografen
Freak,m,Freaks
Freundlichkeit,f,Freundlichkeiten
Frost,m,Fröste
Filmstar,m,Filmstars
Fund,m,Funde
Filter,m,Filter
Fingerabdruck,m,Fingerabdrücke
Fingernagel,m,Fingernägel
Fürsorge,f,no plural
Flanke,f,Flanken
Gabel,f,Gabeln
Fledermaus,f,Fledermäuse
Gag,m,Gags
Galgen,m,Galgen
Gänsehaut,f,no plural
Flinte,f,Flinten
Gans,f,Gänse
Flora,f,Floren
Garantie,f,Garantien
Flöte,f,Flöten
Garde,f,Garden
Gärtner,m,Gärtner
Gastgeber,m,Gastgeber
Gebet,n,Gebete
Flut,f,Fluten
Gebieter,m,Gebieter
Föderation,f,Föderationen
Gebot,n,Gebote
Formel,f,Formeln
Formular,n,Formulare
Gewahrsam,m,Gewahrsame
Gegenleistung,f,Gegenleistungen
Gegenmittel,n,Gegenmittel
Gewissheit,f,Gewissheiten
Gier,f,no plural
Geier,m,Geier
Geige,f,Geigen
Geiger,m,Geiger
Gips,m,Gipse
Geldbeutel,m,Geldbeutel
Gitter,n,Gitter
Generator,m,Generatoren
Gleis,n,Gleise
Genie,n,Genies
Genuss,m,Genüsse
Glücksbringer,m,Glücksbringer
Glückspilz,m,Glückspilze
Glücksspiel,n,Glücksspiele
Glückstag,m,Glückstage
Geschick,n,Geschicke
Gorilla,m,Gorillas
Geschirr,n,Geschirre
Geschöpf,n,Geschöpfe
Geschütz,n,Geschütze
Graf,m,Grafen
Granate,f,Granaten
Gespenst,n,Gespenster
Hebel,m,Hebel
Grausamkeit,f,Grausamkeiten
Heck,n,Hecks
Heiligabend,m,Heiligabende
Heilmittel,n,Heilmittel
Heilung,f,Heilungen
Heimweg,m,Heimwege
Grube,f,Gruben
Heimweh,n,no plural
Heizung,f,Heizungen
Hektar,n,Hektare
Gummi,(,Gummis
Herd,m,Herde
Habgier,f,no plural
Haftbefehl,m,Haftbefehle
Häftling,m,Häftlinge
Hähnchen,n,Hähnchen
Herzanfall,m,Herzanfälle
Hai,m,Haie
Herzschlag,m,Herzschläge
Halluzination,f,Halluzinationen
Halsband,n,Halsbänder
Hexe,f,Hexen
Hamburger,H,ger
Hexerei,f,Hexereien
Handbuch,n,Handbücher
Handvoll,f,Handvoll
Handwerk,n,Handwerke
Harmonie,f,Harmonien
Haube,f,Hauben
Hauch,m,Hauche
Hausarbeit,f,Hausarbeiten
Hausarrest,m,Hausarreste
Hindernis,n,Hindernisse
Hausfrau,f,Hausfrauen
Haustier,n,Haustiere
Hingabe,f,no plural
Hautfarbe,f,Hautfarben
Identifizierung,f,Identifizierungen
Hinrichtung,f,Hinrichtungen
Illusion,f,Illusionen
Inder,m,Inder
Hinterhalt,m,Hinterhalte
Indianer,m,Indianer
Hinterkopf,m,Hinterköpfe
Hintertür,f,Hintertüren
Initiale,f,Initialen
Hirte,m,Hirten
Insasse,m,Insassen
Hockey,n,no plural
Inschrift,f,Inschriften
Hoden,m,Hoden
Insekt,n,Insekten
Institution,f,Institutionen
Instrument,n,Instrumente
Horizont,m,Horizonte
Hort,m,Horte
Hospital,n,Hospitale
Hotelzimmer,n,Hotelzimmer
Hülle,f,Hüllen
Hummer,m,Hummer
Irak,m,Irak
Ironie,f,Ironien
Hüter,m,Hüter
Hypnose,f,Hypnosen
Hypothek,f,Hypotheken
Jackett,n,Jacketts
Jahrestag,m,Jahrestage
Jahreszeit,f,Jahreszeiten
Jahrgang,m,Jahrgänge
Kern,m,Kerne
Kessel,m,Kessel
Ketchup,m,Ketchups
Kick,m,Kicks
Jazz,m,no plural
Jeep,m,Jeeps
Jet,m,Jets
Klan,m,Klans
Joint,m,Joints
Klassiker,m,Klassiker
Justiz,f,no plural
Juwel,n,Juwelen
Klatsch,m,Klatsche
Käfer,m,Käfer
Kahn,m,Kähne
Kai,m,Kais
Klippe,f,Klippen
Klo,n,Klos
Kakerlak,m,Kakerlaken
Klub,m,Klubs
Kalb,n,Kälber
Knabe,m,Knaben
Kaliber,n,Kaliber
Knecht,m,Knechte
Kampagne,f,Kampagnen
Kode,m,Kodes
Kanzlei,f,Kanzleien
Koks,m,
Kapelle,f,Kapellen
Kolonie,f,Kolonien
Kolumne,f,Kolumnen
Kaplan,m,Kapläne
Komiker,m,Komiker
Kappe,f,Kappen
Komitee,n,Komitees
Karate,n,no plural
Kommando,n,Kommandos
Kardinal,m,Kardinäle
Kasino,n,Kasinos
Komödie,f,Komödien
Komplikation,f,Komplikationen
Kavallerie,f,Kavallerien
Komplize,m,Komplizen
Kaviar,m,Kaviare
Kondom,n,Kondome
Kuckuck,m,Kuckucke
Konsul,m,Konsuln
Konversation,f,Konversationen
Konvoi,m,Konvois
Kuppel,f,Kuppeln
Kürbis,m,Kürbisse
Koordinate,f,Koordinaten
Kurier,m,Kuriere
Kopfgeldjäger,m,Kopfgeldjäger
Kopfhörer,m,Kopfhörer
Kopfweh,n,no plural
Korn,n,Körner
Kusine,f,Kusinen
Küstenwache,f,Küstenwachen
Kutsche,f,Kutschen
Korrektur,f,Korrekturen
Korridor,m,Korridore
Lagerhaus,n,Lagerhäuser
Lamm,n,Lämmer
Krabbe,f,Krabben
Langeweile,f,no plural
Kragen,m,Kragen
Krähe,f,Krähen
Kralle,f,Krallen
Läufer,m,Läufer
Lebensform,f,Lebensformen
Krater,m,Krater
Kreide,f,Kreiden
Leder,n,Leder
Kreuzung,f,Kreuzungen
Leichenhalle,f,Leichenhallen
Kristall,m,Kristalle
Leichnam,m,Leichname
Krokodil,n,Krokodile
Kröte,f,Kröten
Krug,m,Krüge
Krüppel,m,Krüppel
Mandant,m,Mandanten
Lenkrad,n,Lenkräder
Manöver,n,Manöver
Marschall,m,Marschälle
Level,m,Levels
Märtyrer,m,Märtyrer
Masche,f,Maschen
Massage,f,Massagen
Lieferwagen,m,Lieferwagen
Massaker,n,Massaker
Lift,m,Lifte
Masse,f,Massen
Limonade,f,Limonaden
Limousine,f,Limousinen
Matratze,f,Matratzen
Maulwurf,m,Maulwürfe
List,f,Listen
Logik,f,Logiken
Lok,f,Loks
Lotto,n,Lottos
Melone,f,Melonen
Menü,n,Menüs
Luder,n,Luder
Luftwaffe,f,Luftwaffen
Lump,m,
Metro,f,Metros
Lunch,m,Lunches
Metzger,m,Metzger
Meuterei,f,Meutereien
Mikrofon,n,Mikrofone
Missachtung,f,Missachtungen
Mahlzeit,f,Mahlzeiten
Misstrauen,n,no plural
Mais,m,no plural
Nachname,m,Nachnamen
Nachschub,m,Nachschübe
Mitbewohner,m,Mitbewohner
Nachthemd,n,Nachthemden
Mitbürger,m,Mitbürger
Nagel,m,Nägel
Mitteilung,f,Mitteilungen
Neger,m,Neger
Neid,m,no plural
Mittler,m,Mittler
Neigung,f,Neigungen
Nervensäge,f,Nervensägen
Neuanfang,m,Neuanfänge
Neugier,f,no plural
Mönch,m,Mönche
Monitor,m,Monitoren
Nickerchen,n,Nickerchen
Niere,f,Nieren
Morgengrauen,n,no plural
Niete,f,Nieten
Moschee,f,Moscheen
Nonne,f,Nonnen
Mühle,f,Mühlen
Mumie,f,Mumien
Munition,f,no plural
Norm,f,Normen
Notarzt,m,Notärzte
Notaufnahme,f,Notaufnahmen
Musical,n,Musicals
Mutation,f,Mutationen
Notizbuch,n,Notizbücher
Notruf,m,Notrufe
Nudel,f,Nudeln
Nuss,f,Nüsse
Nutte,f,Nutten
Oberin,f,Oberinnen
Obhut,f,no plural
Pfeffer,m,Pfeffer
Ochse,m,Ochsen
Offenbarung,f,Offenbarungen
Pfote,f,Pfoten
Option,f,Optionen
Phantom,n,Phantome
Organ,n,Organe
Picknick,n,Picknicke
Orgasmus,m,Orgasmen
Pier,m,Piere
Pinsel,m,Pinsel
Plastik,n,no plural
Plätzchen,n,Plätzchen
Poesie,f,Poesien
Poker,n,no plural
Päckchen,n,Päckchen
Packung,f,Packungen
Pakt,m,Pakte
Pony,n,Ponys
Palästina,n,ina
Portion,f,Portionen
Papagei,m,Papageien
Port,m,Porte
Parade,f,Paraden
Paranoia,f,Paranoien
Präsentation,f,Präsentationen
Parasit,m,Parasiten
Präsenz,f,Präsenzen
Pärchen,n,Pärchen
Parfum,n,Parfums
Pariser,P,no plural
Park,m,Parks
Premier,m,Premiers
Priorität,f,Prioritäten
Patron,m,Patrone
Privatleben,n,no plural
Patrouille,f,Patrouillen
Privatsphäre,f,Privatsphären
Peitsche,f,Peitschen
Privileg,n,Privilegien
Pension,f,Pensionen
Perfektion,f,no plural
Produzent,m,Produzenten
Perle,f,Perlen
Ratschlag,m,Ratschläge
Raubüberfall,m,Raubüberfälle
Rauschen,n,no plural
Propaganda,f,no plural
Prophet,m,Propheten
Prophezeiung,f,Prophezeiungen
Prostituierte,f,Prostituierte
Prototyp,m,Prototypen
Psychopath,m,Psychopathen
Pub,n,Pubs
Razzia,f,Razzien
Pudding,m,Puddinge
Pulli,m,Pullis
Pullover,m,Pullover
Pulver,n,Pulver
Rebellion,f,Rebellionen
Punk,m,Punks
Puste,f,no plural
Putzfrau,f,Putzfrauen
Qual,f,Qualen
Quarantäne,f,Quarantänen
Quartier,n,Quartiere
Quittung,f,Quittungen
Quote,f,Quoten
Regenschirm,m,Regenschirme
Reinheit,f,Reinheiten
Reserve,f,Reserven
Reservierung,f,Reservierungen
Sanatorium,n,Sanatorien
Sattel,m,Sättel
Retter,m,Retter
Revolver,m,Revolver
Riegel,m,Riegel
Sauce,f,Saucen
Sauerei,f,Sauereien
Rind,n,Rinder
Säufer,m,Säufer
Sauna,f,Saunen
Romantik,f,no plural
Schachmatt,n,Schachmatts
Romanze,f,Romanzen
Schacht,m,Schächte
Schale,f,Schalen
Routine,f,Routinen
Schal,m,Schals
Rubel,m,Rubel
Schalter,m,Schalter
Scharfschütze,m,Scharfschützen
Schaufel,f,Schaufeln
Schaukel,f,Schaukeln
Schauspiel,n,Schauspiele
Scheinwerfer,m,Scheinwerfer
Scheißdreck,m,no plural
Schenkel,m,Schenkel
Rumpf,m,Rümpfe
Schick,m,no plural
Schiedsrichter,m,Schiedsrichter
Schimmer,m,Schimmer
Schirm,m,Schirme
Schlacht,f,Schlachten
Sackgasse,f,Sackgassen
Schlaftablette,f,Schlaftabletten
Schlaganfall,m,Schlaganfälle
Sahne,f,no plural
Schlamassel,m,Schlamassel
Salami,f,Salamis
Schlauch,m,Schläuche
Same,m,Samen
Sammler,m,Sammler
Schleier,m,Schleier
Schwerkraft,f,Schwerkräfte
Schleppe,f,Schleppen
Schließfach,n,Schließfächer
Schlips,m,Schlipse
Schlucht,f,Schluchten
Schwindel,m,no plural
Schwindler,m,Schwindler
Schmetterling,m,Schmetterlinge
Schmied,m,Schmiede
Schwung,m,Schwünge
Schmutz,m,no plural
Segel,n,Segel
Seide,f,Seiden
Schnurrbart,m,Schnurrbärte
Sekt,m,Sekte
Senior,m,Senioren
Schöpfer,m,Schöpfer
Schöpfung,f,Schöpfungen
Sensation,f,Sensationen
Sensor,m,Sensoren
Schrift,f,Schriften
Serienmörder,m,Serienmörder
Seufzer,m,Seufzer
Schublade,f,Schubladen
Schuft,m,Schufte
Schurke,m,Schurken
Schüssel,f,Schüsseln
Schutzengel,m,Schutzengel
Schwächling,m,Schwächlinge
Sichtkontakt,m,Sichtkontakte
Siegel,n,Siegel
Single,f,Singles
Sirene,f,Sirenen
Skelett,n,Skelette
Ski,m,Skier
Stacheldraht,m,Stacheldrähte
Skorpion,m,Skorpione
Stadion,n,Stadien
Staffel,f,Staffeln
Standpunkt,m,Standpunkte
Söldner,m,Söldner
Stapel,m,Stapel
Solo,n,Solos
Sonde,f,Sonden
Sonnenlicht,n,no plural
Sonnenschein,m,no plural
Staunen,n,no plural
Sonnensystem,n,system
Soße,f,Soßen
Stempel,m,Stempel
Stiefmutter,f,Stiefmütter
Stier,m,Stiere
Sperma,n,Spermen
Spiegelbild,n,Spiegelbilder
Spieß,m,Spieße
Spind,m,Spinde
Spital,n,Spitäler
Stipendium,n,Stipendien
Spitzname,m,Spitznamen
Spot,m,Spots
Streichholz,n,Streichhölzer
Sprengstoff,m,Sprengstoffe
Streifenwagen,m,Streifenwagen
Sprichwort,n,Sprichwörter
Streik,m,Streiks
Sprit,m,no plural
Spritztour,f,Spritztouren
Strenge,f,no plural
Sprung,m,Sprünge
Strick,m,Stricke
Strumpf,m,Strümpfe
Techniker,m,Techniker
Stückchen,n,Stückchen
Teenager,m,Teenager
Teich,m,Teiche
Telefonzelle,f,Telefonzellen
Stützpunkt,m,Stützpunkte
Telegramm,n,Telegramme
Teleskop,n,Teleskope
Temperament,n,Temperamente
Terminal,m,Terminals
Südafrika,n,ika
Südamerika,n,rika
Terrain,n,Terrains
Terrasse,f,Terrassen
Territorium,n,Territorien
Summer,m,Summer
Terror,m,no plural
Sympathie,f,Sympathien
Syndikat,n,Syndikate
Todesstrafe,f,Todesstrafen
Todesursache,f,Todesursachen
Tomate,f,Tomaten
Tafel,f,Tafeln
Tournee,f,Tourneen
Taktik,f,Taktiken
Takt,m,Takte
Transporter,m,Transporter
Tango,m,Tangos
Transport,m,Transporte
Tarnung,f,Tarnungen
Taschentuch,n,Taschentücher
Treibstoff,m,Treibstoffe
Tätowierung,f,Tätowierungen
Tresor,m,Tresore
Tau,m,no plural
Trinker,m,Trinker
Täuschung,f,Täuschungen
Trip,m,Trips
Uhrzeit,f,Uhrzeiten
Trompete,f,Trompeten
Umarmung,f,Umarmungen
Truhe,f,Truhen
Trupp,m,Trupps
Truthahn,m,Truthähne
Tugend,f,Tugenden
Tumor,m,Tumoren
Umhang,m,Umhänge
Türkei,f,rkei
Türklingel,f,Türklingeln
Tyrannei,f,Tyranneien
Umkreis,m,Umkreise
Umlaufbahn,f,Umlaufbahnen
Umweg,m,Umwege
Überdosis,f,Überdosen
Übergabe,f,Übergaben
Überstunde,f,Überstunden
Überwachung,f,Überwachungen
Ungar,m,Ungarn
Ufo,n,Ufos
Vase,f,Vasen
Ventil,n,Ventile
Verachtung,f,no plural
Unsterblichkeit,f,no plural
Unterbrechung,f,Unterbrechungen
Unterdrückung,f,Unterdrückungen
Untergrund,m,Untergründe
Unterhose,f,Unterhosen
Unterkunft,f,Unterkünfte
Unteroffizier,m,Unteroffiziere
Verbrennung,f,Verbrennungen
Unterschlupf,m,Unterschlüpfe
Untertan,m,Untertanen
Urin,m,
Urkunde,f,Urkunden
Vergebung,f,Vergebungen
Vergeltung,f,Vergeltungen
Versetzung,f,Versetzungen
Verlegenheit,f,Verlegenheiten
Verleger,m,Verleger
Verstärkung,f,Verstärkungen
Verlobung,f,Verlobungen
Vernichtung,f,Vernichtungen
Verstoß,m,Verstöße
Versuchung,f,Versuchungen
Verwirrung,f,Verwirrungen
Verschluss,m,Verschlüsse
Verzögerung,f,Verzögerungen
Verzweiflung,f,Verzweiflungen
Video,n,Videos
Vulkan,m,Vulkane
Visier,n,Visiere
Wachmann,m,Wachmänner
Visitenkarte,f,Visitenkarten
Vitamin,n,Vitamine
Wachtmeister,m,Wachtmeister
Vollidiot,m,Vollidioten
Volltreffer,m,Volltreffer
Waise,f,Waisen
Wal,m,Wale
Vorgesetzte,f,Vorgesetzte
Walzer,m,Walzer
Wandern,n,no plural
Wanne,f,Wannen
Wanze,f,Wanzen
Vorname,m,Vornamen
Wasserfall,m,Wasserfälle
Wechselgeld,n,Wechselgelder
Vorrat,m,Vorräte
Vorschuss,m,Vorschüsse
Vorspiel,n,Vorspiele
Weide,f,Weiden
Vorurteil,n,Vorurteile
Vorwand,m,Vorwände
Welpe,m,Welpen
Yacht,f,Yachten
Weltraum,m,no plural
Zange,f,Zangen
Wettkampf,m,Wettkämpfe
Zauberei,f,Zaubereien
Zauberer,m,Zauberer
Zeitalter,n,Zeitalter
Zeitmaschine,f,Zeitmaschinen
Wildnis,f,Wildnisse
Wirbel,m,Wirbel
Wirbelsäule,f,Wirbelsäulen
Zerstörer,m,Zerstörer
Wirt,m,Wirte
Zigeuner,m,Zigeuner
Witwer,m,Witwer
Wohlergehen,n,no plural
Wohlstand,m,no plural
Zoll,m,Zölle
Wrack,n,Wracks
Würfel,m,Würfel
Zufriedenheit,f,no plural
Wurzel,f,Wurzeln
Zünder,m,Zünder
Zündung,f,Zündungen
Zuneigung,f,Zuneigungen
Zutat,f,Zutaten
Zwischenfall,m,Zwischenfälle
Zwischenzeit,f,Zwischenzeiten
Abschaum,m,no plural
Asche,f,Aschen
Aufzug,m,Aufzüge
Ausrede,f,Ausreden
Beerdigung,f,Beerdigungen
Bach,m,Bäche
Bande,f,Banden
Baseball,m,Baseballs
Belieben,n,no plural
Belohnung,f,Belohnungen
Benehmen,n,no plural
Benzin,n,Benzine
Besatzung,f,Besatzungen
Besprechung,f,Besprechungen
Bestie,f,Bestien
Betrüger,m,Betrüger
Blutdruck,m,Blutdrucke
Blut,n,Blute
Bock,m,Böcke
Brand,m,Brände
Braut,f,Bräute
Brieftasche,f,Brieftaschen
Brite,m,Briten
Buchhalter,m,Buchhalter
Bude,f,Buden
Bulle,m,Bullen
Etage,f,Etagen
Ex,f,no plural
Feigling,m,Feiglinge
Feuerzeug,n,Feuerzeuge
Finsternis,f,Finsternisse
Flagge,f,Flaggen
Flamme,f,Flammen
Flieger,m,Flieger
Friseur,m,Friseure
Fuchs,m,Füchse
Führerschein,m,Führerscheine
Funken,F,no plural
Futter,n,no plural
Gelächter,n,Gelächter
Gesang,m,Gesänge
Geschrei,n,no plural
Gestank,m,Gestänke
Gift,n,Gifte
Gnade,f,Gnaden
Gräfin,f,Gräfinnen
Gürtel,m,Gürtel
Hahn,m,Hähne
Haken,m,Haken
Handtuch,n,Handtücher
Honig,m,Honige
Hühnchen,n,Hühnchen
Huhn,n,Hühner
Hure,f,Huren
Herzinfarkt,m,Herzinfarkte
Herzog,m,Herzöge
Hintern,m,Hintern
Jungfrau,f,Jungfrauen
Kabine,f,Kabinen
Kacke,f,no plural
Käfig,m,Käfige
Kanone,f,Kanonen
Karre,f,Karren
Kater,m,Kater
Kaution,f,Kautionen
Kehle,f,Kehlen
Keks,m,Kekse
Kellner,m,Kellner
Klemme,f,Klemmen
Knopf,m,Knöpfe
Knoten,m,Knoten
Kofferraum,m,Kofferräume
Koma,n,Komas
Korb,m,Körbe
Kratzer,m,Kratzer
Krawatte,f,Krawatten
Krebs,m,Krebse
Krone,f,Kronen
Kuh,f,Kühe
Kühlschrank,m,Kühlschränke
Kumpel,m,Kumpel
Kuss,m,Küsse
Landung,f,Landungen
Laster,n,Laster
Leber,f,Lebern
Legende,f,Legenden
Leinen,n,Leinen
Lektion,f,Lektionen
Liebhaber,m,Liebhaber
Liebling,m,Lieblinge
Lizenz,f,Lizenzen
Löffel,m,Löffel
Maul,n,Mäuler
Löwe,m,Löwen
Lunge,f,Lungen
Mädel,n,Mädel
Mafia,f,Mafias
Marine,f,Marinen
Marke,f,Marken
Meldung,f,Meldungen
Mission,f,Missionen
Mist,m,no plural
Nadel,f,Nadeln
Narbe,f,Narben
Narr,m,Narren
Neffe,m,Neffen
Müll,m,no plural
Mütze,f,Mützen
Notfall,m,Notfälle
Notiz,f,Notizen
Palast,m,Paläste
Pfad,m,Pfade
Pfeil,m,Pfeile
Pilot,m,Piloten
Pirat,m,Piraten
Pizza,f,Pizzen
Puppe,f,Puppen
Quatsch,m,
Rasen,m,Rasen
Räuber,m,Räuber
Rebell,m,Rebellen
Regie,f,Regien
Reifen,m,Reifen
Revolution,f,Revolutionen
Ritter,m,Ritter
Rollstuhl,m,Rollstühle
Ruhm,m,no plural
Schachtel,f,Schachteln
Schädel,m,Schädel
Schaf,n,Schafe
Schande,f,no plural
Schätzchen,n,Schätzchen
Scheck,m,Schecks
Schere,f,Scheren
Scherz,m,Scherze
Schild,n,Schilder
Schläger,m,Schläger
Schnaps,m,Schnäpse
Schuppen,m,Schuppen
Schwachkopf,m,Schwachköpfe
Schwanz,m,Schwänze
Seil,n,Seile
Sofa,n,Sofas
Sex,m,no plural
Spielzeug,n,Spielzeuge
Spinne,f,Spinnen
Spinner,m,Spinner
Spion,m,Spione
Stab,m,Stäbe
Stange,f,Stangen
Sünde,f,Sünden
Suppe,f,Suppen
Tabak,m,Tabake
Stift,m,Stifte
Tankstelle,f,Tankstellen
Tempel,m,Tempel
Torte,f,Torten
Trick,m,Tricks
Tropfen,m,Tropfen
Trost,m,no plural
Tüte,f,Tüten
Umschlag,m,Umschläge
Uniform,f,Uniformen
Verabredung,f,Verabredungen
Vergewaltigung,f,Vergewaltigungen
Verräter,m,Verräter
Verrat,m,no plural
Vieh,n,no plural
Verschwörung,f,Verschwörungen
Vorfahre,m,Vorfahren
Vorfall,m,Vorfälle
Wahnsinn,m,no plural
Wette,f,Wetten
Witwe,f,Witwen
Wunder,n,Wunder
Zaun,m,Zäune
Zentrale,f,Zentralen
Zoo,m,Zoos
Zwerg,m,Zwerge
Zwilling,m,Zwillinge
Alarmbereitschaft,f,Alarmbereitschaften
Glocke,f,Glocken
Büchse,f,Büchsen
Belästigung,f,Belästigungen
Pöbel,m,no plural
Mäuschen,n,Mäuschen
Blutvergießen,n,no plural
Bürgersteig,m,Bürgersteige
Molekül,n,Moleküle
Erlöser,m,Erlöser
Mücke,f,Mücken
Urteilsvermögen,n,no plural
Internat,n,Internate
Migräne,f,Migränen
Gebüsch,n,Gebüsche
Rückstand,m,Rückstände
Zügel,m,Zügel
Zimmermädchen,n,Zimmermädchen
Trophäe,f,Trophäen
Großzügigkeit,f,Großzügigkeiten
Gelübde,n,Gelübde
Gliedmaße,f,Gliedmaßen
Erschöpfung,f,Erschöpfungen
Einzelgänger,m,Einzelgänger
Brutalität,f,Brutalitäten
Krönung,f,Krönungen
Tanzfläche,f,Tanzflächen
Prügelei,f,Prügeleien
Banküberfall,m,Banküberfälle
Schwertkampf,m,Schwertkämpfe
Hinterwäldler,m,Hinterwäldler
Glühbirne,f,Glühbirnen
Prämie,f,Prämien
Sexualität,f,Sexualitäten
Jüngling,m,Jünglinge
Gefäß,n,Gefäße
Demütigung,f,Demütigungen
Möwe,f,Möwen
Füller,m,Füller
Geländer,n,Geländer
Schwätzer,m,Schwätzer
Gehaltserhöhung,f,Gehaltserhöhungen
Schießpulver,n,Schießpulver
Dünger,m,Dünger
Vermächtnis,n,Vermächtnisse
Maniküre,f,Maniküren
Härte,f,Härten
Schlussfolgerung,f,Schlussfolgerungen
Injektion,f,Injektionen
Fäulnis,f,Fäulnisse
Idol,n,Idole
Imbiss,m,Imbisse
Knüppel,m,Knüppel
Küken,n,Küken
Schnüffler,m,Schnüffler
Tränengas,n,Tränengase
Posten,m,Posten
Säbel,m,Säbel
Fußabdruck,m,Fußabdrücke
Buße,f,Bußen
Türsteher,m,Türsteher
Überlegung,f,Überlegungen
Gefährte,m,Gefährten
Versöhnung,f,Versöhnungen
Müdigkeit,f,no plural
Vergnügungspark,m,Vergnügungsparks
Schützengraben,m,Schützengräben
Fußspur,f,Fußspuren
Spott,m,no plural
Überfluss,m,no plural
Schluck,m,Schlucke
Krücke,f,Krücken
Formalität,f,Formalitäten
Erzählung,f,Erzählungen
Blindgänger,m,Blindgänger
Annäherung,f,Annäherungen
Jubiläum,n,Jubiläen
Gespür,n,no plural
Präsidium,n,Präsidien
Bürde,f,Bürden
Klapsmühle,f,Klapsmühlen
Gebäck,n,Gebäcke
Flasche,f,Flaschen
Intrige,f,Intrigen
Schürze,f,Schürzen
Antarktis,f,tarktis
Milliardär,m,Milliardäre
Wiederbelebung,f,Wiederbelebungen
Straßenrand,m,Straßenränder
Affe,m,Affen
Geldbörse,f,Geldbörsen
Schnäppchen,n,Schnäppchen
Identifikation,f,Identifikationen
Lautstärke,f,Lautstärken
Strauß,m,Sträuße
Betäubungsmittel,n,Betäubungsmittel
Pfütze,f,Pfützen
Bürste,f,Bürsten
Stabilität,f,no plural
Gedärm,n,Gedärme
Tötung,f,Tötungen
Nächstenliebe,f,no plural
Schuhgröße,f,Schuhgrößen
Tschechoslowakei,f,chechoslowakei
Leichenbeschau,f,Leichenbeschauen
Verhängnis,n,Verhängnisse
Bewusstsein,n,no plural
Schlüpfer,m,Schlüpfer
Stäbchen,n,Stäbchen
Überfall,m,Überfälle
Krümel,m,Krümel
Überweisung,f,Überweisungen
Straßenbahn,f,Straßenbahnen
Lähmung,f,Lähmungen
Glühwürmchen,n,Glühwürmchen
Ablösung,f,Ablösungen
Indiz,n,Indizien
Überzahl,f,no plural
Lebzeiten,f,only
Likör,m,Liköre
Zusammenstoß,m,Zusammenstöße
Bürokratie,f,Bürokratien
Intensität,f,Intensitäten
Ruhestörung,f,Ruhestörungen
Füllung,f,Füllungen
Nationalität,f,Nationalitäten
Eiswürfel,m,Eiswürfel
Immunität,f,Immunitäten
Müsli,n,
Transplantation,f,Transplantationen
Meisterstück,n,Meisterstücke
Überreichen,n,no plural
Übertreffen,n,no plural
Amulett,n,Amulette
Urkunde,f,Urkunden
Geistesgestörte,f,Geistesgestörte
Erfindergeist,m,Erfindergeister
Gewinn,m,Gewinne
Laich,m,Laiche
Matsch,m,no plural
Pförtner,m,Pförtner
Patrone,f,Patronen
Speichel,m,no plural
Aufsehen,n,no plural
